{"count":1,"self":10964.8756736,"total":77949.853512,"children":{"InitializeSensors":{"count":2,"self":0.0019169999999999999,"total":0.0019169999999999999,"children":null},"AgentSendState":{"count":2283802,"self":34.3722752,"total":71.082832,"children":{"CollectObservations":{"count":929834,"self":7.5004576,"total":7.500458,"children":null},"CollectDiscreteActionMasks":{"count":929834,"self":2.592974,"total":2.592974,"children":null},"AgentInfo.ToProto":{"count":929834,"self":10.375976,"total":26.617124999999998,"children":{"GenerateSensorData":{"count":929834,"self":16.241148799999998,"total":16.241149,"children":null}}}}},"DecideAction":{"count":2283802,"self":66853.3194752,"total":66853.31787,"children":null},"AgentAct":{"count":2283802,"self":59.5749632,"total":59.574963,"children":null},"AgentInfo.ToProto":{"count":40000,"self":0.425403,"total":0.99805899999999992,"children":{"GenerateSensorData":{"count":40000,"self":0.57265599999999994,"total":0.57265599999999994,"children":null}}}},"gauges":{"Tennis.CumulativeReward":{"count":40000,"max":1,"min":-1,"runningAverage":2.46422136E-11,"value":0,"weightedAverage":0.0262935217}},"metadata":{"timer_format_version":"0.1.0","start_time_seconds":"1593859933","unity_version":"2019.3.14f1","command_line_arguments":"\/Users\/steffenbrandenburg\/PycharmProjects\/asp\/tennis_hit.app\/Contents\/MacOS\/UnityEnvironment --mlagents-port 5005","communication_protocol_version":"1.0.0","com.unity.ml-agents_version":"1.1.0-preview","scene_name":"Tennis","end_time_seconds":"1593937882"}}